{
	"pattrstorage" : 	{
		"name" : "acousmonium",
		"slots" : 		{
			"1" : 			{
				"id" : 1,
				"data" : 				{
					"nodes" : [ 0.200793, 0.669876, 0.05, 1, 0.823426, 0.68088, 0.05, 1, 0.672831, 0.287483, 0.05, 1, 0.729194, 0.248051, 0.05, 1, 0.070454, 0.53691, 0.05, 1, 0.835755, 0.542412, 0.05, 1, 0.120652, 0.246217, 0.05, 1, 0.208719, 0.273728, 0.05, 1, 0.770586, 0.856946, 0.05, 1, 0.637605, 0.838606, 0.05, 1, 0.273007, 0.815681, 0.05, 1, 0.67107, 0.825768, 0.05, 1, 0.167327, 0.225126, 0.05, 1, 0.332893, 0.177442, 0.05, 1, 0.589168, 0.189363, 0.05, 1, 0.693087, 0.244383, 0.05, 1, 0.187583, 0.854195, 0.05, 1, 0.35579, 0.902797, 0.05, 1, 0.560106, 0.898212, 0.05, 1, 0.734478, 0.830353, 0.05, 1, 0.31616, 0.350757, 0.05, 1, 0.577719, 0.362678, 0.05, 1, 0.264201, 0.504814, 0.05, 1, 0.648173, 0.496561, 0.05, 1, 0.285337, 0.645117, 0.05, 1, 0.633201, 0.646034, 0.05, 1, 0.348745, 0.772581, 0.05, 1, 0.575958, 0.765245, 0.05, 1, 0.367239, 0.52774, 0.05, 1, 0.537208, 0.532325, 0.05, 1, 0.299428, 0.287483, 0.05, 1, 0.611185, 0.290234, 0.05, 1, 0.212241, 0.464466, 0.05, 1, 0.724791, 0.470885, 0.05, 1, 0.230735, 0.635947, 0.05, 1, 0.715984, 0.651536, 0.05, 1, 0.225451, 0.802843, 0.05, 1, 0.693087, 0.870702, 0.05, 1, 0.107442, 0.079321, 0.05, 1, 0.807574, 0.079321, 0.05, 1, 0.103919, 0.408528, 0.05, 1, 0.817261, 0.410362, 0.05, 1, 0.075738, 0.668959, 0.05, 1, 0.822545, 0.639615, 0.05, 1, 0.121532, 0.937643, 0.05, 1, 0.786438, 0.941311, 0.05, 1, 0.524879, 0.192114, 0.05, 1, 0.271246, 0.872536, 0.05, 1, 0.121532, 0.655204, 0.05, 1, 0.106561, 0.269143, 0.05, 1, 0.233377, 0.300321, 0.05, 1, 0.711581, 0.698304, 0.05, 1, 0.77587, 0.271894, 0.05, 1, 0.127697, 0.823934, 0.05, 1, 0.254513, 0.240715, 0.05, 1, 0.64465, 0.237047, 0.05, 1 ],
					"nbrHp" : [ 56 ],
					"matrix" : [ 0, 0, 1, 0, 1, 1, 1, 2, 1, 1, 3, 1, 2, 4, 1, 3, 5, 1, 4, 6, 1, 4, 7, 1, 5, 8, 1, 5, 9, 1, 6, 10, 1, 7, 11, 1, 8, 12, 1, 9, 13, 1, 10, 14, 1, 11, 15, 1, 12, 16, 1, 13, 17, 1, 14, 18, 1, 15, 19, 1, 16, 20, 1, 17, 21, 1, 18, 22, 1, 19, 23, 1, 20, 24, 1, 21, 25, 1, 22, 26, 1, 23, 27, 1, 24, 28, 1, 24, 29, 1, 25, 30, 1, 26, 31, 1, 27, 32, 1, 28, 33, 1, 29, 34, 1, 30, 35, 1, 31, 36, 1, 32, 37, 1, 33, 38, 1, 34, 39, 1, 35, 40, 1, 36, 41, 1, 37, 42, 1, 38, 43, 1, 39, 44, 1, 40, 45, 1, 41, 46, 1, 42, 47, 1, 43, 48, 1, 43, 49, 1, 44, 50, 1, 44, 51, 1, 45, 52, 1, 46, 53, 1, 47, 54, 1, 48, 55, 1 ]
				}

			}

		}

	}

}
